{"0.2": {"train_losses": [4.654184992496784, 4.000435794011141, 3.6467296313016844, 3.3657863644453196, 3.1231451691725316, 2.8939457749709105, 2.693062025002944, 2.5447245293702836, 2.413265605767568, 2.2856241441690006, 2.1808818127864447, 2.097861478726069, 2.0134392770437093, 1.9362894254617202, 1.8628861579375389], "valid_losses": [4.416806637486325, 3.7996643253519564, 3.645060216324239, 3.4099975386752357, 3.036265819887572, 2.8682570034944557, 2.7009574793562106, 2.596989622598962, 2.3560469573057152, 2.3427680097048795, 2.285930862909631, 2.2582510468326036, 2.220608513566512, 2.1849554339541664, 2.166601464718203], "train_accuracies": [1.7077323717948718, 6.590544871794871, 12.259615384615385, 16.844451121794872, 21.336638621794872, 25.433193108974358, 29.497195512820515, 32.45693108974359, 35.24639423076923, 38.10096153846154, 40.47475961538461, 42.22506009615385, 44.39603365384615, 46.16887019230769, 47.76141826923077], "valid_accuracies": [3.14, 9.44, 12.55, 17.05, 23.16, 27.52, 29.97, 33.01, 37.57, 37.91, 38.92, 40.06, 40.44, 42.8, 42.0]}, "0.05": {"train_losses": [4.189885635406543, 3.563220657599278, 3.175005215864915, 2.8603250751128564, 2.624094627606563, 2.443868324542657, 2.291185879936585, 2.1647037871373005, 2.0518795798222222, 1.9524901249469855, 1.8626422778918192, 1.784310288536243, 1.7165944698529365, 1.6331362021275055, 1.5730949330788393], "valid_losses": [3.803176916098293, 3.2655412909350816, 2.960016135927997, 2.723682563516158, 2.550587780867951, 2.4066790085804612, 2.4555258388760723, 2.2577118149286584, 2.1089053138901916, 2.096448344520376, 2.0354838461815556, 2.0422254846065857, 1.9356028641326517, 1.930305821986138, 1.9661607108538663], "train_accuracies": [5.73417467948718, 14.067508012820513, 20.622996794871796, 26.442307692307693, 31.15985576923077, 34.895833333333336, 38.13351362179487, 41.06820913461539, 43.40695112179487, 45.978565705128204, 48.09945913461539, 49.93990384615385, 51.349659455128204, 53.66085737179487, 54.89282852564103], "valid_accuracies": [10.07, 18.82, 25.26, 30.26, 33.4, 36.22, 35.9, 39.96, 43.09, 43.87, 45.28, 45.45, 48.05, 47.88, 48.16]}, "0.01": {"train_losses": [4.14434431760739, 3.514318606792352, 3.207904916543227, 2.9749534137738056, 2.7622220737811847, 2.5653014175402813, 2.405034449620125, 2.285816803956643, 2.1685469643427777, 2.072269240633035, 1.981041044378892, 1.9037845413654277, 1.8311184090681565, 1.7558216196604264, 1.691278493557221], "valid_losses": [3.704753927037686, 3.2770669399937495, 3.0400863870789734, 2.949796338624592, 2.629617552214031, 2.478000399432605, 2.382070831105679, 2.284011976628364, 2.2429623302025132, 2.1778377068193655, 2.1001875762698017, 2.0367988529084604, 2.064561262915406, 1.9794612670246559, 1.9581845093377028], "train_accuracies": [6.019631410256411, 15.337039262820513, 20.740685096153847, 24.872295673076923, 28.966346153846153, 33.07792467948718, 36.43329326923077, 38.98737980769231, 41.35366586538461, 43.79507211538461, 45.84334935897436, 47.67878605769231, 49.03345352564103, 51.07421875, 52.834535256410255], "valid_accuracies": [11.96, 18.72, 23.34, 26.45, 32.19, 35.94, 37.38, 39.72, 41.0, 42.26, 44.28, 45.89, 44.83, 46.8, 48.24]}}