{"train_losses": [4.281968118288578, 3.76152620330835, 3.451939414709042, 3.220035964097732, 3.0486694199916644, 2.8884577743518047, 2.7408147484828262, 2.6074313651292753, 2.4838446913621364, 2.3733582443151717, 2.267327897823774, 2.1718549747497606, 2.0827597345297155, 1.9980321469215245, 1.910858025535559], "valid_losses": [3.9409716491457782, 3.5832997635950017, 3.3410809009890015, 3.177827352209936, 3.0085828575906874, 2.815840304652347, 2.7307235108146184, 2.588710018351108, 2.524476063402393, 2.462525150443934, 2.378952604305895, 2.3709112783021564, 2.2846182524403438, 2.3225996071779273, 2.2025765512563007], "train_accuracies": [4.58984375, 11.573517628205128, 17.15244391025641, 20.562900641025642, 23.923277243589745, 26.86298076923077, 29.905348557692307, 32.33173076923077, 34.83323317307692, 37.141927083333336, 39.367988782051285, 41.599058493589745, 43.424479166666664, 45.510316506410255, 47.283153044871796], "valid_accuracies": [8.99, 14.91, 18.5, 22.36, 25.18, 28.9, 31.34, 33.5, 35.06, 37.21, 38.21, 38.59, 40.34, 40.26, 42.94]}