{"train_losses": [4.295393577752969, 3.7676313634102163, 3.4713567877427125, 3.2702065729177914, 3.0895693332721024, 2.936142018972299, 2.7994618851404924, 2.6553013638044014, 2.5301288626132865, 2.411924449297098, 2.3060498245251484, 2.2165926538216763, 2.119971473247577, 2.020694238253129, 1.9526792821975856], "valid_losses": [3.944625827330577, 3.5687346760230727, 3.3213654650917537, 3.1947238958334623, 3.017186065263386, 2.9300352893298185, 2.7439041620568383, 2.662010268320011, 2.571299067026452, 2.610752175125895, 2.4177276439304594, 2.3597462629970116, 2.3204147589357595, 2.291251727297336, 2.2074591464634183], "train_accuracies": [4.489683493589744, 11.263020833333334, 16.423778044871796, 19.64893830128205, 23.204627403846153, 25.96404246794872, 28.475560897435898, 31.48036858974359, 33.97435897435897, 36.48838141025641, 38.70943509615385, 40.509815705128204, 42.45793269230769, 44.99449118589744, 46.31410256410256], "valid_accuracies": [8.37, 14.47, 18.97, 21.15, 24.41, 26.4, 30.34, 32.14, 33.84, 34.06, 37.47, 38.83, 40.1, 41.05, 42.25]}