{"train_losses": [4.13047516422394, 3.5501467478580966, 3.217451328650499, 2.956062355866799, 2.729727239944996, 2.5577617417543363, 2.4124538050248074, 2.293016505164978, 2.1817367653816175, 2.0740891141005053, 1.9800678266164584, 1.9083730356815534, 1.8462810749426866, 1.7641703264835553, 1.7021479331530058], "valid_losses": [3.736305837389789, 3.3348952064031288, 3.032422310189356, 2.836070836344852, 2.619741798956183, 2.434111510651021, 2.3672092277792434, 2.269403134720235, 2.2046107461180866, 2.1327507707137094, 2.099850772302362, 2.052000706708884, 1.9788961636869213, 2.010375508779212, 1.9472242578675476], "train_accuracies": [6.112279647435898, 14.493189102564102, 20.302483974358974, 25.252904647435898, 29.89783653846154, 32.94521233974359, 36.29306891025641, 38.92728365384615, 41.1708733974359, 43.65985576923077, 45.95352564102564, 47.34324919871795, 48.88321314102564, 50.59094551282051, 52.3036858974359], "valid_accuracies": [10.86, 18.65, 23.68, 27.73, 32.22, 36.73, 37.15, 40.72, 41.53, 43.15, 43.96, 45.68, 47.07, 46.46, 47.54]}