{"train_losses": [4.14671208919623, 3.639401126366395, 3.3511539743496823, 3.1394794346430364, 2.94568687524551, 2.7725931795743795, 2.604833756501858, 2.4638394170846696, 2.3277261899067807, 2.2124277548148084, 2.101400146881739, 2.008052204281856, 1.9193292214320257, 1.8276372395264797, 1.7615668586431406], "valid_losses": [3.8169814272771907, 3.4932910037946097, 3.2523787927023973, 3.0136196613311768, 2.9884778698788415, 2.706351334535623, 2.741694990592667, 2.5727381404442125, 2.3370367711103417, 2.3803192724155475, 2.3139452798457087, 2.2087901468518414, 2.1041776635978797, 2.1630150592779813, 2.0419589643236957], "train_accuracies": [6.322616185897436, 13.005809294871796, 18.354366987179485, 21.97265625, 25.823818108974358, 28.78856169871795, 32.17648237179487, 35.18379407051282, 37.91566506410256, 40.612479967948715, 42.678285256410255, 44.99449118589744, 46.907552083333336, 49.108573717948715, 50.48076923076923], "valid_accuracies": [9.6, 15.33, 19.62, 24.59, 25.53, 30.53, 30.62, 33.63, 38.21, 37.73, 39.18, 42.35, 43.97, 43.63, 46.04]}