{"train_losses": [4.1517413296760655, 3.64124452150785, 3.344249020020167, 3.1090603172779083, 2.8950308905198026, 2.6944847259766016, 2.522272918468867, 2.376303099286862, 2.261720481973428, 2.1395974778212032, 2.033743726519438, 1.9373759161203334, 1.853609520655412, 1.7741157511870067, 1.697318666256391], "valid_losses": [3.772192390659187, 3.47577720352366, 3.121319804010512, 3.0274591989155057, 2.7820841119259216, 2.635072530070438, 2.4791204823723323, 2.3558222674116305, 2.3141494023648996, 2.2352043028119244, 2.1215216253377216, 2.1671170856379254, 2.078274381311634, 2.0298927780948106, 2.0598100333274165], "train_accuracies": [6.08223157051282, 13.035857371794872, 18.37940705128205, 22.608673878205128, 26.384715544871796, 29.940404647435898, 33.37339743589744, 36.62610176282051, 39.15014022435897, 41.68920272435897, 44.27333733974359, 46.50941506410256, 48.48758012820513, 50.05258413461539, 52.07582131410256], "valid_accuracies": [10.94, 15.67, 22.69, 24.24, 28.25, 31.47, 34.6, 37.92, 38.65, 40.39, 43.55, 43.25, 45.12, 45.8, 46.36]}