{"train_losses": [4.199459363252688, 3.5847877019490952, 3.2369559292609873, 2.9349305729071298, 2.693780711828134, 2.4918149472811284, 2.344616093696692, 2.2045717590894456, 2.097932974497477, 1.9869575332372615, 1.8927423010269802, 1.807443916415557, 1.7369276506778522, 1.6564986663751113, 1.5948936167435768], "valid_losses": [3.797046833400485, 3.3981286664552326, 3.1006360144554814, 2.8955828087239324, 2.672255793704262, 2.3850057441977004, 2.3337303339680537, 2.202210832245742, 2.2426311305806608, 2.0919923752169067, 2.055034983007214, 2.0213121356843393, 1.9723953129370002, 1.9246570747109908, 1.8899957726273355], "train_accuracies": [5.871895032051282, 13.959835737179487, 19.764122596153847, 25.365584935897434, 30.060596955128204, 34.0419671474359, 37.384815705128204, 40.14673477564103, 42.58313301282051, 45.25240384615385, 47.233072916666664, 49.18870192307692, 50.92147435897436, 53.122495993589745, 54.61738782051282], "valid_accuracies": [10.91, 18.15, 21.36, 26.53, 30.77, 37.09, 38.49, 41.3, 40.81, 43.99, 44.64, 45.69, 47.18, 48.44, 48.88]}