{"train_losses": [4.491896050862777, 3.9594122018569555, 3.5758447685302834, 3.2382756746732273, 2.9630704040710745, 2.7619081086073165, 2.5973067703919535, 2.4534060939764366, 2.341046936236895, 2.229394784722573, 2.149099880304092, 2.057776466776163, 1.9871716847022374, 1.911751499160742, 1.8359528936636753], "valid_losses": [4.242506612705279, 3.9528553123715557, 3.450497473342509, 3.110881542857689, 2.889318339432342, 2.756811980959735, 2.7309092177620418, 2.4465260777292372, 2.437836316567433, 2.3553669935540307, 2.396253655228434, 2.2754639809644677, 2.2062454012375845, 2.1750151748898663, 2.089915246903142], "train_accuracies": [2.6542467948717947, 6.485376602564102, 12.650240384615385, 18.91025641025641, 24.01091746794872, 28.265224358974358, 31.34014423076923, 34.55528846153846, 37.029246794871796, 39.2578125, 41.3486578525641, 43.3017828525641, 44.986979166666664, 46.779847756410255, 48.58022836538461], "valid_accuracies": [3.57, 7.95, 15.79, 20.73, 26.36, 29.37, 29.98, 35.73, 35.77, 37.8, 38.42, 40.76, 41.61, 42.57, 44.42]}