{"train_losses": [4.191178382207186, 3.732315161289313, 3.475757482724312, 3.2673651919915128, 3.0829561108197923, 2.913828757328865, 2.740648633394486, 2.5779984157819014, 2.4302781373262405, 2.299822230751698, 2.191389575982705, 2.0893967273907785, 1.9977045276990304, 1.9140083254911961, 1.8381900458763807], "valid_losses": [4.096927497960344, 3.631504152394548, 3.3634477989583074, 3.194036625608613, 3.0716184845453576, 3.132150511198406, 2.7791325985630855, 2.684074057808405, 2.398415748077103, 2.4205799329129953, 2.2493493104282813, 2.235666756388507, 2.1556371193897874, 2.123740341089949, 2.0587102235118047], "train_accuracies": [5.433693910256411, 10.942508012820513, 15.362079326923077, 19.55879407051282, 22.618689903846153, 25.811298076923077, 28.87870592948718, 32.291666666666664, 35.15625, 38.09094551282051, 40.607471955128204, 42.87109375, 44.78165064102564, 46.81991185897436, 48.51011618589744], "valid_accuracies": [6.83, 13.76, 18.06, 21.04, 23.02, 23.96, 29.61, 30.87, 36.41, 36.84, 39.95, 42.02, 42.74, 44.06, 44.8]}