{"train_losses": [4.191330390862929, 3.7073818177748947, 3.4191195987738094, 3.2136381008686166, 3.0330949257581663, 2.848708322414985, 2.679126948882372, 2.537324533248559, 2.4265077878267336, 2.296282341847053, 2.1841839166023793, 2.065285650201333, 1.9891801239588323, 2.0967204864972677, 1.934585648851517], "valid_losses": [3.8673895733265935, 3.5085575580596924, 3.4468683260905593, 3.403524368624144, 3.152354744416249, 2.872188891036601, 2.6953680636007573, 2.5363831761517104, 2.400655945645103, 2.4623811788196805, 2.220564816571489, 2.2341014871114417, 2.214117278026629, 2.2707863004901743, 2.210441162314596], "train_accuracies": [5.621494391025641, 11.235476762820513, 16.193409455128204, 19.581330128205128, 23.03936298076923, 26.740284455128204, 29.857772435897434, 32.72485977564103, 35.24389022435897, 38.19360977564103, 40.82782451923077, 43.30428685897436, 44.9794671474359, 42.97375801282051, 46.496895032051285], "valid_accuracies": [9.07, 14.79, 16.98, 18.83, 21.43, 26.98, 30.59, 33.9, 36.99, 35.66, 40.68, 41.09, 41.54, 40.62, 41.51]}