{"train_losses": [4.249107603079233, 3.7870725890000663, 3.4853245806999698, 3.257059316604565, 3.0332627388147206, 2.8499633853252115, 2.6618726498041396, 2.5126572984915514, 2.3858422124997163, 2.2691344763988104, 2.1572972601040816, 2.0714409217620506, 1.9810463331448727, 1.9050227923270984, 1.8397351564505162], "valid_losses": [3.9428526238550115, 3.6574115662635127, 5.489545665209806, 3.1042789386797556, 2.9380048739759226, 2.7594332996802993, 2.65404490277737, 2.4347115483465074, 2.603362638739091, 2.292467358746106, 2.214937941937507, 2.263956931572926, 2.1131840582135357, 2.133174852479862, 2.137726893907861], "train_accuracies": [4.457131410256411, 9.843249198717949, 15.089142628205128, 18.955328525641026, 23.35486778846154, 26.514923878205128, 30.225861378205128, 33.6513421474359, 36.26802884615385, 38.54417067307692, 41.44381009615385, 43.26923076923077, 45.44771634615385, 47.10536858974359, 48.567708333333336], "valid_accuracies": [7.01, 12.4, 13.87, 21.81, 25.64, 28.59, 30.99, 35.11, 33.49, 38.06, 41.47, 40.45, 43.21, 43.45, 43.27]}